31-12-2017 20:00,13508
31-12-2017 21:00,0
31-12-2017 22:00,3679
31-12-2017 23:00,12108
01-01-2018 00:00,20608
01-01-2018 01:00,14932
01-01-2018 02:00,14301
01-01-2018 03:00,1651
01-01-2018 04:00,205
01-01-2018 05:00,602
01-01-2018 06:00,212
01-01-2018 07:00,319
01-01-2018 08:00,469
01-01-2018 09:00,3593
01-01-2018 10:00,10470
01-01-2018 11:00,30382
01-01-2018 12:00,22128
01-01-2018 13:00,24448
01-01-2018 14:00,37123
01-01-2018 15:00,15412
01-01-2018 16:00,20116
01-01-2018 17:00,35295
01-01-2018 18:00,23311
01-01-2018 19:00,16379
01-01-2018 20:00,21289
01-01-2018 21:00,52121
01-01-2018 22:00,25937
01-01-2018 23:00,15532
02-01-2018 00:00,13743
02-01-2018 01:00,1447
02-01-2018 02:00,786
02-01-2018 03:00,834
02-01-2018 04:00,515
02-01-2018 05:00,1477
02-01-2018 06:00,116
02-01-2018 07:00,442
02-01-2018 08:00,10926
02-01-2018 09:00,31389
02-01-2018 10:00,49054
02-01-2018 11:00,126535
02-01-2018 12:00,86497
02-01-2018 13:00,91828
02-01-2018 14:00,82499
02-01-2018 15:00,78047
02-01-2018 16:00,101995
02-01-2018 17:00,82798
02-01-2018 18:00,69133
02-01-2018 19:00,27526
02-01-2018 20:00,23217
02-01-2018 21:00,34361
02-01-2018 22:00,13518
02-01-2018 23:00,14104
03-01-2018 00:00,7568
03-01-2018 01:00,9657
03-01-2018 02:00,9958
03-01-2018 03:00,0
03-01-2018 04:00,8212
03-01-2018 05:00,751
03-01-2018 06:00,908
03-01-2018 07:00,4880
03-01-2018 08:00,7347
03-01-2018 09:00,63579
03-01-2018 10:00,98354
03-01-2018 11:00,137636
03-01-2018 12:00,166440
03-01-2018 13:00,108088
03-01-2018 14:00,87998
03-01-2018 15:00,148165
03-01-2018 16:00,140968
03-01-2018 17:00,125669
03-01-2018 18:00,63055
03-01-2018 19:00,36509
03-01-2018 20:00,36925
03-01-2018 21:00,36023
03-01-2018 22:00,31828
03-01-2018 23:00,10231
04-01-2018 00:00,10878
04-01-2018 01:00,9014
04-01-2018 02:00,3779
04-01-2018 03:00,2776
04-01-2018 04:00,543
04-01-2018 05:00,467
04-01-2018 06:00,0
04-01-2018 07:00,427
04-01-2018 08:00,35635
04-01-2018 09:00,38281
04-01-2018 10:00,104378
04-01-2018 11:00,182384
04-01-2018 12:00,154378
04-01-2018 13:00,103438
04-01-2018 14:00,82116
04-01-2018 15:00,129425
04-01-2018 16:00,137669
04-01-2018 17:00,74872
04-01-2018 18:00,48344
04-01-2018 19:00,42365
04-01-2018 20:00,27798
04-01-2018 21:00,26207
04-01-2018 22:00,10973
04-01-2018 23:00,7570
05-01-2018 00:00,10181
05-01-2018 01:00,2287
05-01-2018 02:00,1074
05-01-2018 03:00,166
05-01-2018 04:00,101
05-01-2018 05:00,265
05-01-2018 06:00,1593
05-01-2018 07:00,832
05-01-2018 08:00,26309
05-01-2018 09:00,52416
05-01-2018 10:00,102414
05-01-2018 11:00,178097
05-01-2018 12:00,184308
05-01-2018 13:00,88614
05-01-2018 14:00,62567
05-01-2018 15:00,40444
05-01-2018 16:00,34685
05-01-2018 17:00,40217
05-01-2018 18:00,46285
05-01-2018 19:00,27123
05-01-2018 20:00,23914
05-01-2018 21:00,30103
05-01-2018 22:00,14515
05-01-2018 23:00,9297
06-01-2018 00:00,10223
06-01-2018 01:00,8639
06-01-2018 02:00,10781
06-01-2018 03:00,3716
06-01-2018 04:00,7085
06-01-2018 05:00,2214
06-01-2018 06:00,3326
06-01-2018 07:00,855
06-01-2018 08:00,3040
06-01-2018 09:00,4486
06-01-2018 10:00,11739
06-01-2018 11:00,21417
06-01-2018 12:00,12407
06-01-2018 13:00,15163
06-01-2018 14:00,11564
06-01-2018 15:00,16543
06-01-2018 16:00,21388
06-01-2018 17:00,7987
06-01-2018 18:00,10174
06-01-2018 19:00,25862
06-01-2018 20:00,17514
06-01-2018 21:00,18156
06-01-2018 22:00,16601
06-01-2018 23:00,14626
07-01-2018 00:00,9499
07-01-2018 01:00,5493
07-01-2018 02:00,17564
07-01-2018 03:00,1826
07-01-2018 04:00,11581
07-01-2018 05:00,516
07-01-2018 06:00,450
07-01-2018 07:00,658
07-01-2018 08:00,638
07-01-2018 09:00,6638
07-01-2018 10:00,14789
07-01-2018 11:00,12017
07-01-2018 12:00,11799
07-01-2018 13:00,6612
07-01-2018 14:00,10828
07-01-2018 15:00,12747
07-01-2018 16:00,10249
07-01-2018 17:00,7090
07-01-2018 18:00,16964
07-01-2018 19:00,18171
07-01-2018 20:00,23826
07-01-2018 21:00,21463
07-01-2018 22:00,15197
07-01-2018 23:00,19424
08-01-2018 00:00,7471
08-01-2018 01:00,3484
08-01-2018 02:00,4969
08-01-2018 03:00,924
08-01-2018 04:00,7
08-01-2018 05:00,344
08-01-2018 06:00,22
08-01-2018 07:00,1408
08-01-2018 08:00,4752
08-01-2018 09:00,40198
08-01-2018 10:00,73094
08-01-2018 11:00,93709
08-01-2018 12:00,184788
08-01-2018 13:00,122164
08-01-2018 14:00,118466
08-01-2018 15:00,126916
08-01-2018 16:00,133801
08-01-2018 17:00,122321
08-01-2018 18:00,64946
08-01-2018 19:00,47151
08-01-2018 20:00,32499
08-01-2018 21:00,39121
08-01-2018 22:00,27011
08-01-2018 23:00,28455
09-01-2018 00:00,4098
09-01-2018 01:00,23009
09-01-2018 02:00,74
09-01-2018 03:00,4175
09-01-2018 04:00,0
09-01-2018 05:00,1649
09-01-2018 06:00,458
09-01-2018 07:00,61
09-01-2018 08:00,18342
09-01-2018 09:00,60175
09-01-2018 10:00,118348
09-01-2018 11:00,157652
09-01-2018 12:00,171955
09-01-2018 13:00,111193
09-01-2018 14:00,150848
09-01-2018 15:00,157304
09-01-2018 16:00,158647
09-01-2018 17:00,130697
09-01-2018 18:00,65155
09-01-2018 19:00,57153
09-01-2018 20:00,36059
09-01-2018 21:00,17961
09-01-2018 22:00,15790
09-01-2018 23:00,9495
10-01-2018 00:00,15174
10-01-2018 01:00,7650
10-01-2018 02:00,476
10-01-2018 03:00,5199
10-01-2018 04:00,0
10-01-2018 05:00,197
10-01-2018 06:00,0
10-01-2018 07:00,2297
10-01-2018 08:00,29405
10-01-2018 09:00,70146
10-01-2018 10:00,104831
10-01-2018 11:00,191170
10-01-2018 12:00,220502
10-01-2018 13:00,146358
10-01-2018 14:00,130292
10-01-2018 15:00,118533
10-01-2018 16:00,159946
10-01-2018 17:00,162883
10-01-2018 18:00,61135
10-01-2018 19:00,31092
10-01-2018 20:00,31410
10-01-2018 21:00,26853
10-01-2018 22:00,21235
10-01-2018 23:00,14525
11-01-2018 00:00,6063
11-01-2018 01:00,5725
11-01-2018 02:00,2303
11-01-2018 03:00,1225
11-01-2018 04:00,1758
11-01-2018 05:00,865
11-01-2018 06:00,5452
11-01-2018 07:00,2787
11-01-2018 08:00,38133
11-01-2018 09:00,44911
11-01-2018 10:00,88875
11-01-2018 11:00,201786
11-01-2018 12:00,161964
11-01-2018 13:00,152561
11-01-2018 14:00,130279
11-01-2018 15:00,188948
11-01-2018 16:00,161545
11-01-2018 17:00,101044
11-01-2018 18:00,66037
11-01-2018 19:00,52268
11-01-2018 20:00,29531
11-01-2018 21:00,24192
11-01-2018 22:00,19042
11-01-2018 23:00,27820
12-01-2018 00:00,7994
12-01-2018 01:00,12161
12-01-2018 02:00,442
12-01-2018 03:00,3496
12-01-2018 04:00,294
12-01-2018 05:00,324
12-01-2018 06:00,689
12-01-2018 07:00,3818
12-01-2018 08:00,19852
12-01-2018 09:00,61290
12-01-2018 10:00,69581
12-01-2018 11:00,143433
12-01-2018 12:00,172997
12-01-2018 13:00,122440
12-01-2018 14:00,114770
12-01-2018 15:00,114269
12-01-2018 16:00,94916
12-01-2018 17:00,66921
12-01-2018 18:00,55086
12-01-2018 19:00,37431
12-01-2018 20:00,19683
12-01-2018 21:00,23006
12-01-2018 22:00,15504
12-01-2018 23:00,14389
13-01-2018 00:00,12392
13-01-2018 01:00,3363
13-01-2018 02:00,6655
13-01-2018 03:00,3615
13-01-2018 04:00,2198
13-01-2018 05:00,3808
13-01-2018 06:00,11423
13-01-2018 07:00,1897
13-01-2018 08:00,2564
13-01-2018 09:00,8133
13-01-2018 10:00,9487
13-01-2018 11:00,8796
13-01-2018 12:00,11062
13-01-2018 13:00,14472
13-01-2018 14:00,8297
13-01-2018 15:00,27918
13-01-2018 16:00,15515
13-01-2018 17:00,6318
13-01-2018 18:00,8365
13-01-2018 19:00,9869
13-01-2018 20:00,13186
13-01-2018 21:00,21348
13-01-2018 22:00,9422
13-01-2018 23:00,9993
14-01-2018 00:00,5356
14-01-2018 01:00,4347
14-01-2018 02:00,500
14-01-2018 03:00,4318
14-01-2018 04:00,166
14-01-2018 05:00,830
14-01-2018 06:00,0
14-01-2018 07:00,718
14-01-2018 08:00,1226
14-01-2018 09:00,2372
14-01-2018 10:00,13518
14-01-2018 11:00,5227
14-01-2018 12:00,40037
14-01-2018 13:00,9234
14-01-2018 14:00,25304
14-01-2018 15:00,22328
14-01-2018 16:00,12946
14-01-2018 17:00,17751
14-01-2018 18:00,38577
14-01-2018 19:00,11266
14-01-2018 20:00,12058
14-01-2018 21:00,22607
14-01-2018 22:00,12928
14-01-2018 23:00,17050
15-01-2018 00:00,2603
15-01-2018 01:00,12866
15-01-2018 02:00,10344
15-01-2018 03:00,1390
15-01-2018 04:00,0
15-01-2018 05:00,197
15-01-2018 06:00,123
15-01-2018 07:00,3104
15-01-2018 08:00,10076
15-01-2018 09:00,43563
15-01-2018 10:00,28803
15-01-2018 11:00,64840
15-01-2018 12:00,68507
15-01-2018 13:00,60137
15-01-2018 14:00,62070
15-01-2018 15:00,109591
15-01-2018 16:00,84045
15-01-2018 17:00,69829
15-01-2018 18:00,58241
15-01-2018 19:00,33264
15-01-2018 20:00,14534
15-01-2018 21:00,20723
15-01-2018 22:00,8668
15-01-2018 23:00,5557
16-01-2018 00:00,8983
16-01-2018 01:00,4690
16-01-2018 02:00,391
16-01-2018 03:00,1532
16-01-2018 04:00,532
16-01-2018 05:00,231
16-01-2018 06:00,3064
16-01-2018 07:00,1104
16-01-2018 08:00,10539
16-01-2018 09:00,27766
16-01-2018 10:00,39103
16-01-2018 11:00,63516
16-01-2018 12:00,104802
16-01-2018 13:00,30425
16-01-2018 14:00,53141
16-01-2018 15:00,60191
16-01-2018 16:00,39935
16-01-2018 17:00,37512
16-01-2018 18:00,41083
16-01-2018 19:00,46219
16-01-2018 20:00,11421
16-01-2018 21:00,11583
16-01-2018 22:00,22213
16-01-2018 23:00,7043
17-01-2018 00:00,7709
17-01-2018 01:00,5687
17-01-2018 02:00,983
17-01-2018 03:00,4254
17-01-2018 04:00,0
17-01-2018 05:00,81
17-01-2018 06:00,1610
17-01-2018 07:00,8429
17-01-2018 08:00,24746
17-01-2018 09:00,70223
17-01-2018 10:00,145338
17-01-2018 11:00,255432
17-01-2018 12:00,196419
17-01-2018 13:00,157800
17-01-2018 14:00,147331
17-01-2018 15:00,108888
17-01-2018 16:00,189376
17-01-2018 17:00,96813
17-01-2018 18:00,58822
17-01-2018 19:00,46751
17-01-2018 20:00,31499
17-01-2018 21:00,18526
17-01-2018 22:00,19996
17-01-2018 23:00,17888
18-01-2018 00:00,21143
18-01-2018 01:00,226
18-01-2018 02:00,1040
18-01-2018 03:00,1346
18-01-2018 04:00,3029
18-01-2018 05:00,197
18-01-2018 06:00,0
18-01-2018 07:00,1253
18-01-2018 08:00,23880
18-01-2018 09:00,53907
18-01-2018 10:00,114195
18-01-2018 11:00,133826
18-01-2018 12:00,200828
18-01-2018 13:00,144429
18-01-2018 14:00,103310
18-01-2018 15:00,134988
18-01-2018 16:00,142832
18-01-2018 17:00,102615
18-01-2018 18:00,56580
18-01-2018 19:00,38856
18-01-2018 20:00,16535
18-01-2018 21:00,14051
18-01-2018 22:00,17717
18-01-2018 23:00,13493
19-01-2018 00:00,7088
19-01-2018 01:00,3623
19-01-2018 02:00,416
19-01-2018 03:00,8744
19-01-2018 04:00,243
19-01-2018 05:00,391
19-01-2018 06:00,4916
19-01-2018 07:00,3132
19-01-2018 08:00,19488
19-01-2018 09:00,36564
19-01-2018 10:00,90124
19-01-2018 11:00,164346
19-01-2018 12:00,221755
19-01-2018 13:00,154608
19-01-2018 14:00,131186
19-01-2018 15:00,148677
19-01-2018 16:00,91623
19-01-2018 17:00,62187
19-01-2018 18:00,44393
19-01-2018 19:00,42533
19-01-2018 20:00,19852
19-01-2018 21:00,26726
19-01-2018 22:00,16410
19-01-2018 23:00,15698
20-01-2018 00:00,6577
20-01-2018 01:00,2538
20-01-2018 02:00,379
20-01-2018 03:00,418
20-01-2018 04:00,114
20-01-2018 05:00,198
20-01-2018 06:00,0
20-01-2018 07:00,770
20-01-2018 08:00,5571
20-01-2018 09:00,39519
20-01-2018 10:00,11620
20-01-2018 11:00,12519
20-01-2018 12:00,5037
20-01-2018 13:00,7151
20-01-2018 14:00,20759
20-01-2018 15:00,18493
20-01-2018 16:00,10065
20-01-2018 17:00,8175
20-01-2018 18:00,16947
20-01-2018 19:00,10871
20-01-2018 20:00,13848
20-01-2018 21:00,23030
20-01-2018 22:00,5706
20-01-2018 23:00,10291
21-01-2018 00:00,16913
21-01-2018 01:00,2295
21-01-2018 02:00,2452
21-01-2018 03:00,1804
21-01-2018 04:00,748
21-01-2018 05:00,166
21-01-2018 06:00,182
21-01-2018 07:00,988
21-01-2018 08:00,1107
21-01-2018 09:00,13327
21-01-2018 10:00,4586
21-01-2018 11:00,47454
21-01-2018 12:00,27225
21-01-2018 13:00,9717
21-01-2018 14:00,41435
21-01-2018 15:00,38315
21-01-2018 16:00,23103
21-01-2018 17:00,14318
21-01-2018 18:00,9896
21-01-2018 19:00,10654
21-01-2018 20:00,20618
21-01-2018 21:00,25375
21-01-2018 22:00,17937
21-01-2018 23:00,20549
22-01-2018 00:00,14027
22-01-2018 01:00,1413
22-01-2018 02:00,9813
22-01-2018 03:00,2073
22-01-2018 04:00,439
22-01-2018 05:00,399
22-01-2018 06:00,41
22-01-2018 07:00,1155
22-01-2018 08:00,12751
22-01-2018 09:00,42650
22-01-2018 10:00,66795
22-01-2018 11:00,117436
22-01-2018 12:00,120475
22-01-2018 13:00,91275
22-01-2018 14:00,136830
22-01-2018 15:00,161348
22-01-2018 16:00,159189
22-01-2018 17:00,116509
22-01-2018 18:00,67186
22-01-2018 19:00,44966
22-01-2018 20:00,27489
22-01-2018 21:00,22159
22-01-2018 22:00,10432
22-01-2018 23:00,29963
23-01-2018 00:00,15652
23-01-2018 01:00,6235
23-01-2018 02:00,249
23-01-2018 03:00,1369
23-01-2018 04:00,631
23-01-2018 05:00,712
23-01-2018 06:00,40
23-01-2018 07:00,1083
23-01-2018 08:00,25124
23-01-2018 09:00,63440
23-01-2018 10:00,65657
23-01-2018 11:00,146346
23-01-2018 12:00,174392
23-01-2018 13:00,132677
23-01-2018 14:00,86388
23-01-2018 15:00,152827
23-01-2018 16:00,159911
23-01-2018 17:00,126825
23-01-2018 18:00,112979
23-01-2018 19:00,85487
23-01-2018 20:00,38711
23-01-2018 21:00,27607
23-01-2018 22:00,18395
23-01-2018 23:00,11696
24-01-2018 00:00,7251
24-01-2018 01:00,3094
24-01-2018 02:00,8284
24-01-2018 03:00,1587
24-01-2018 04:00,488
24-01-2018 05:00,248
24-01-2018 06:00,1046
24-01-2018 07:00,2084
24-01-2018 08:00,14259
24-01-2018 09:00,55292
24-01-2018 10:00,108636
24-01-2018 11:00,223516
24-01-2018 12:00,207304
24-01-2018 13:00,112967
24-01-2018 14:00,85338
24-01-2018 15:00,114789
24-01-2018 16:00,139137
24-01-2018 17:00,108117
24-01-2018 18:00,68583
24-01-2018 19:00,42437
24-01-2018 20:00,26274
24-01-2018 21:00,15758
24-01-2018 22:00,22861
24-01-2018 23:00,12693
25-01-2018 00:00,8316
25-01-2018 01:00,7042
25-01-2018 02:00,327
25-01-2018 03:00,1386
25-01-2018 04:00,265
25-01-2018 05:00,197
25-01-2018 06:00,721
25-01-2018 07:00,19541
25-01-2018 08:00,14454
25-01-2018 09:00,69587
25-01-2018 10:00,117290
25-01-2018 11:00,194214
25-01-2018 12:00,175945
25-01-2018 13:00,147020
25-01-2018 14:00,97419
25-01-2018 15:00,123657
25-01-2018 16:00,119284
25-01-2018 17:00,102305
25-01-2018 18:00,70094
25-01-2018 19:00,44569
25-01-2018 20:00,41313
25-01-2018 21:00,24280
25-01-2018 22:00,14269
25-01-2018 23:00,12424
26-01-2018 00:00,8494
26-01-2018 01:00,21188
26-01-2018 02:00,1912
26-01-2018 03:00,5831
26-01-2018 04:00,663
26-01-2018 05:00,197
26-01-2018 06:00,0
26-01-2018 07:00,1939
26-01-2018 08:00,16079
26-01-2018 09:00,22886
26-01-2018 10:00,100823
26-01-2018 11:00,141121
26-01-2018 12:00,188388
26-01-2018 13:00,112960
26-01-2018 14:00,90762
26-01-2018 15:00,148016
26-01-2018 16:00,92438
26-01-2018 17:00,75768
26-01-2018 18:00,35792
26-01-2018 19:00,46570
26-01-2018 20:00,17158
26-01-2018 21:00,14940
26-01-2018 22:00,12192
26-01-2018 23:00,9833
27-01-2018 00:00,9255
27-01-2018 01:00,2478
27-01-2018 02:00,3675
27-01-2018 03:00,1210
27-01-2018 04:00,1610
27-01-2018 05:00,335
27-01-2018 06:00,1092
27-01-2018 07:00,794
27-01-2018 08:00,2287
27-01-2018 09:00,3546
27-01-2018 10:00,6814
27-01-2018 11:00,11545
27-01-2018 12:00,24879
27-01-2018 13:00,10737
27-01-2018 14:00,43304
27-01-2018 15:00,11009
27-01-2018 16:00,3722
27-01-2018 17:00,11328
27-01-2018 18:00,7090
27-01-2018 19:00,10758
27-01-2018 20:00,13886
27-01-2018 21:00,11022
27-01-2018 22:00,35139
27-01-2018 23:00,7165
28-01-2018 00:00,7913
28-01-2018 01:00,6608
28-01-2018 02:00,1158
28-01-2018 03:00,8979
28-01-2018 04:00,894
28-01-2018 05:00,650
28-01-2018 06:00,443
28-01-2018 07:00,985
28-01-2018 08:00,2797
28-01-2018 09:00,2425
28-01-2018 10:00,8988
28-01-2018 11:00,7891
28-01-2018 12:00,19825
28-01-2018 13:00,25194
28-01-2018 14:00,11212
28-01-2018 15:00,3608
28-01-2018 16:00,15631
28-01-2018 17:00,12945
28-01-2018 18:00,14964
28-01-2018 19:00,23115
28-01-2018 20:00,11089
28-01-2018 21:00,15409
28-01-2018 22:00,30381
28-01-2018 23:00,26849
29-01-2018 00:00,10403
29-01-2018 01:00,3666
29-01-2018 02:00,4739
29-01-2018 03:00,2201
29-01-2018 04:00,533
29-01-2018 05:00,1612
29-01-2018 06:00,29
29-01-2018 07:00,4201
29-01-2018 08:00,16340
29-01-2018 09:00,36443
29-01-2018 10:00,75336
29-01-2018 11:00,142767
29-01-2018 12:00,176340
29-01-2018 13:00,110451
29-01-2018 14:00,107952
29-01-2018 15:00,142885
29-01-2018 16:00,115586
29-01-2018 17:00,109929
29-01-2018 18:00,75136
29-01-2018 19:00,37142
29-01-2018 20:00,23103
29-01-2018 21:00,24972
29-01-2018 22:00,23664
29-01-2018 23:00,12028
30-01-2018 00:00,11919
30-01-2018 01:00,17392
30-01-2018 02:00,896
30-01-2018 03:00,10882
30-01-2018 04:00,80
30-01-2018 05:00,197
30-01-2018 06:00,11
30-01-2018 07:00,9596
30-01-2018 08:00,33639
30-01-2018 09:00,53170
30-01-2018 10:00,109010
30-01-2018 11:00,165217
30-01-2018 12:00,172885
30-01-2018 13:00,91448
30-01-2018 14:00,107122
30-01-2018 15:00,152201
30-01-2018 16:00,166064
30-01-2018 17:00,99758
30-01-2018 18:00,69702
30-01-2018 19:00,44224
30-01-2018 20:00,21177
30-01-2018 21:00,35194
30-01-2018 22:00,17990
30-01-2018 23:00,2233
31-01-2018 00:00,6126
31-01-2018 01:00,8004
31-01-2018 02:00,849
31-01-2018 03:00,18965
31-01-2018 04:00,298
31-01-2018 05:00,909
31-01-2018 06:00,19699
31-01-2018 07:00,1006
31-01-2018 08:00,35999
31-01-2018 09:00,51195
31-01-2018 10:00,136442
31-01-2018 11:00,158545
31-01-2018 12:00,158096
31-01-2018 13:00,90766
31-01-2018 14:00,96980
31-01-2018 15:00,120432
31-01-2018 16:00,144430
31-01-2018 17:00,233978
31-01-2018 18:00,70285
31-01-2018 19:00,47706
31-01-2018 20:00,26972
31-01-2018 21:00,18294
31-01-2018 22:00,31640
31-01-2018 23:00,9999
01-02-2018 00:00,22510
01-02-2018 01:00,2219
01-02-2018 02:00,471
01-02-2018 03:00,1154
01-02-2018 04:00,124
01-02-2018 05:00,379
01-02-2018 06:00,7275
01-02-2018 07:00,1330
01-02-2018 08:00,16183
01-02-2018 09:00,64299
01-02-2018 10:00,104540
01-02-2018 11:00,193985
01-02-2018 12:00,164881
01-02-2018 13:00,110106
01-02-2018 14:00,109745
01-02-2018 15:00,125873
01-02-2018 16:00,141869
01-02-2018 17:00,203365
01-02-2018 18:00,58409
01-02-2018 19:00,34187
01-02-2018 20:00,21720
01-02-2018 21:00,26649
01-02-2018 22:00,26341
01-02-2018 23:00,21052
02-02-2018 00:00,4496
02-02-2018 01:00,32760
02-02-2018 02:00,662
02-02-2018 03:00,2708
02-02-2018 04:00,412
02-02-2018 05:00,5383
02-02-2018 06:00,11536
02-02-2018 07:00,30258
02-02-2018 08:00,9945
02-02-2018 09:00,26502
02-02-2018 10:00,108715
02-02-2018 11:00,183505
02-02-2018 12:00,132848
02-02-2018 13:00,117026
02-02-2018 14:00,97321
02-02-2018 15:00,86650
02-02-2018 16:00,92747
02-02-2018 17:00,44730
02-02-2018 18:00,57369
02-02-2018 19:00,22761
02-02-2018 20:00,14746
02-02-2018 21:00,26690
02-02-2018 22:00,15214
02-02-2018 23:00,7862
03-02-2018 00:00,9070
03-02-2018 01:00,726
03-02-2018 02:00,4676
03-02-2018 03:00,3093
03-02-2018 04:00,996
03-02-2018 05:00,202
03-02-2018 06:00,260
03-02-2018 07:00,2678
03-02-2018 08:00,6157
03-02-2018 09:00,520
03-02-2018 10:00,11941
03-02-2018 11:00,36128
03-02-2018 12:00,11234
03-02-2018 13:00,30340
03-02-2018 14:00,7422
03-02-2018 15:00,15193
03-02-2018 16:00,34334
03-02-2018 17:00,7360
03-02-2018 18:00,11875
03-02-2018 19:00,9012
03-02-2018 20:00,9221
03-02-2018 21:00,17261
03-02-2018 22:00,15890
03-02-2018 23:00,10783
04-02-2018 00:00,6444
04-02-2018 01:00,7752
04-02-2018 02:00,1091
04-02-2018 03:00,1315
04-02-2018 04:00,290
04-02-2018 05:00,197
04-02-2018 06:00,61
04-02-2018 07:00,1270
04-02-2018 08:00,2160
04-02-2018 09:00,602
04-02-2018 10:00,5187
04-02-2018 11:00,13858
04-02-2018 12:00,8319
04-02-2018 13:00,13608
04-02-2018 14:00,16011
04-02-2018 15:00,14278
04-02-2018 16:00,11034
04-02-2018 17:00,28025
04-02-2018 18:00,13743
04-02-2018 19:00,34452
04-02-2018 20:00,16905
04-02-2018 21:00,7559
04-02-2018 22:00,25730
04-02-2018 23:00,17273
05-02-2018 00:00,8805
05-02-2018 01:00,13717
05-02-2018 02:00,9223
05-02-2018 03:00,1442
05-02-2018 04:00,343
05-02-2018 05:00,628
05-02-2018 06:00,2455
05-02-2018 07:00,1782
05-02-2018 08:00,24075
05-02-2018 09:00,30260
05-02-2018 10:00,60219
05-02-2018 11:00,111502
05-02-2018 12:00,116017
05-02-2018 13:00,105587
05-02-2018 14:00,116424
05-02-2018 15:00,109308
05-02-2018 16:00,144210
05-02-2018 17:00,96223
05-02-2018 18:00,0
05-02-2018 19:00,0
05-02-2018 20:00,0
05-02-2018 21:00,0
05-02-2018 22:00,0
05-02-2018 23:00,0
06-02-2018 00:00,1827
06-02-2018 01:00,14888
06-02-2018 02:00,5538
06-02-2018 03:00,2602
06-02-2018 04:00,2506
06-02-2018 05:00,202
06-02-2018 06:00,1895
06-02-2018 07:00,1824
06-02-2018 08:00,16808
06-02-2018 09:00,22512
06-02-2018 10:00,110172
06-02-2018 11:00,170364
06-02-2018 12:00,161277
06-02-2018 13:00,125254
06-02-2018 14:00,123935
06-02-2018 15:00,137950
06-02-2018 16:00,160781
06-02-2018 17:00,134102
06-02-2018 18:00,114432
06-02-2018 19:00,67267
06-02-2018 20:00,23315
06-02-2018 21:00,41017
06-02-2018 22:00,18159
06-02-2018 23:00,17489
07-02-2018 00:00,5599
07-02-2018 01:00,4477
07-02-2018 02:00,11184
07-02-2018 03:00,3820
07-02-2018 04:00,800
07-02-2018 05:00,4099
07-02-2018 06:00,4
07-02-2018 07:00,860
07-02-2018 08:00,22871
07-02-2018 09:00,55172
07-02-2018 10:00,112023
07-02-2018 11:00,138070
07-02-2018 12:00,134690
07-02-2018 13:00,119799
07-02-2018 14:00,117175
07-02-2018 15:00,90224
07-02-2018 16:00,102883
07-02-2018 17:00,134946
07-02-2018 18:00,68586
07-02-2018 19:00,36964
07-02-2018 20:00,29054
07-02-2018 21:00,31897
07-02-2018 22:00,8648
07-02-2018 23:00,10303
08-02-2018 00:00,6753
08-02-2018 01:00,4124
08-02-2018 02:00,7807
08-02-2018 03:00,499
08-02-2018 04:00,0
08-02-2018 05:00,547
08-02-2018 06:00,34
08-02-2018 07:00,2054
08-02-2018 08:00,8637
08-02-2018 09:00,59901
08-02-2018 10:00,122593
08-02-2018 11:00,126271
08-02-2018 12:00,130362
08-02-2018 13:00,73054
08-02-2018 14:00,57886
08-02-2018 15:00,65210
08-02-2018 16:00,82926
08-02-2018 17:00,65792
08-02-2018 18:00,65456
08-02-2018 19:00,34546
08-02-2018 20:00,32360
08-02-2018 21:00,25341
08-02-2018 22:00,17089
08-02-2018 23:00,9549
09-02-2018 00:00,4171
09-02-2018 01:00,7919
09-02-2018 02:00,4859
09-02-2018 03:00,1339
09-02-2018 04:00,194
09-02-2018 05:00,458
09-02-2018 06:00,135
09-02-2018 07:00,3049
09-02-2018 08:00,27346
09-02-2018 09:00,28799
09-02-2018 10:00,65766
09-02-2018 11:00,146608
09-02-2018 12:00,118637
09-02-2018 13:00,108781
09-02-2018 14:00,26688
09-02-2018 15:00,27395
09-02-2018 16:00,19998
09-02-2018 17:00,18158
09-02-2018 18:00,20737
09-02-2018 19:00,7161
09-02-2018 20:00,1483
09-02-2018 21:00,2127
09-02-2018 22:00,2461
09-02-2018 23:00,3023
10-02-2018 00:00,125
10-02-2018 01:00,606
10-02-2018 02:00,2170
10-02-2018 03:00,5135
10-02-2018 04:00,1232
10-02-2018 05:00,3183
10-02-2018 06:00,0
10-02-2018 07:00,1748
10-02-2018 08:00,1176
10-02-2018 09:00,3088
10-02-2018 10:00,20799
10-02-2018 11:00,17240
10-02-2018 12:00,14313
10-02-2018 13:00,8167
10-02-2018 14:00,16029
10-02-2018 15:00,11824
10-02-2018 16:00,4323
10-02-2018 17:00,7092
10-02-2018 18:00,5333
10-02-2018 19:00,13116
10-02-2018 20:00,10188
10-02-2018 21:00,8098
10-02-2018 22:00,8113
10-02-2018 23:00,3312
11-02-2018 00:00,2883
11-02-2018 01:00,8182
11-02-2018 02:00,5130
11-02-2018 03:00,1465
11-02-2018 04:00,3146
11-02-2018 05:00,987
11-02-2018 06:00,100
11-02-2018 07:00,980
11-02-2018 08:00,0
11-02-2018 09:00,0
11-02-2018 10:00,2385
11-02-2018 11:00,7997
11-02-2018 12:00,10719
11-02-2018 13:00,10837
11-02-2018 14:00,12699
11-02-2018 15:00,5568
11-02-2018 16:00,8340
11-02-2018 17:00,7536
11-02-2018 18:00,5802
11-02-2018 19:00,14104
11-02-2018 20:00,20523
11-02-2018 21:00,13317
11-02-2018 22:00,29259
11-02-2018 23:00,16010
12-02-2018 00:00,7525
12-02-2018 01:00,7154
12-02-2018 02:00,5856
12-02-2018 03:00,705
12-02-2018 04:00,2050
12-02-2018 05:00,153
12-02-2018 06:00,19
12-02-2018 07:00,1003
12-02-2018 08:00,393
12-02-2018 09:00,22747
12-02-2018 10:00,93622
12-02-2018 11:00,140299
12-02-2018 12:00,100953
12-02-2018 13:00,91604
12-02-2018 14:00,49718
12-02-2018 15:00,109139
12-02-2018 16:00,119966
12-02-2018 17:00,100648
12-02-2018 18:00,57534
12-02-2018 19:00,40925
12-02-2018 20:00,32000
12-02-2018 21:00,21798
12-02-2018 22:00,18001
12-02-2018 23:00,7943
13-02-2018 00:00,5658
13-02-2018 01:00,3345
13-02-2018 02:00,296
13-02-2018 03:00,1290
13-02-2018 04:00,842
13-02-2018 05:00,417
13-02-2018 06:00,110
13-02-2018 07:00,1200
13-02-2018 08:00,6117
13-02-2018 09:00,60240
13-02-2018 10:00,99970
13-02-2018 11:00,147268
13-02-2018 12:00,173771
13-02-2018 13:00,129200
13-02-2018 14:00,130289
13-02-2018 15:00,151939
13-02-2018 16:00,113096
13-02-2018 17:00,48577
13-02-2018 18:00,542
13-02-2018 19:00,475
13-02-2018 20:00,18107
13-02-2018 21:00,22549
13-02-2018 22:00,3701
13-02-2018 23:00,12167
14-02-2018 00:00,6984
14-02-2018 01:00,18917
14-02-2018 02:00,261
14-02-2018 03:00,1597
14-02-2018 04:00,277
14-02-2018 05:00,1289
14-02-2018 06:00,84
14-02-2018 07:00,1412
14-02-2018 08:00,18440
14-02-2018 09:00,46025
14-02-2018 10:00,95357
14-02-2018 11:00,229260
14-02-2018 12:00,136992
14-02-2018 13:00,134419
14-02-2018 14:00,86976
14-02-2018 15:00,137683
14-02-2018 16:00,117344
14-02-2018 17:00,80794
14-02-2018 18:00,63885
14-02-2018 19:00,40102
14-02-2018 20:00,32991
14-02-2018 21:00,20228
14-02-2018 22:00,13852
14-02-2018 23:00,6452
15-02-2018 00:00,8338
15-02-2018 01:00,1546
15-02-2018 02:00,540
15-02-2018 03:00,1178
15-02-2018 04:00,530
15-02-2018 05:00,223
15-02-2018 06:00,232
15-02-2018 07:00,7688
15-02-2018 08:00,32083
15-02-2018 09:00,56166
15-02-2018 10:00,99629
15-02-2018 11:00,155022
15-02-2018 12:00,170868
15-02-2018 13:00,136715
15-02-2018 14:00,111779
15-02-2018 15:00,129205
15-02-2018 16:00,148285
15-02-2018 17:00,74207
15-02-2018 18:00,53612
15-02-2018 19:00,43520
15-02-2018 20:00,21966
15-02-2018 21:00,28059
15-02-2018 22:00,21243
15-02-2018 23:00,10544
16-02-2018 00:00,6753
16-02-2018 01:00,2207
16-02-2018 02:00,1443
16-02-2018 03:00,1299
16-02-2018 04:00,343
16-02-2018 05:00,0
16-02-2018 06:00,5272
16-02-2018 07:00,1034
16-02-2018 08:00,4521
16-02-2018 09:00,45437
16-02-2018 10:00,129363
16-02-2018 11:00,157182
16-02-2018 12:00,152295
16-02-2018 13:00,103483
16-02-2018 14:00,95437
16-02-2018 15:00,73982
16-02-2018 16:00,68392
16-02-2018 17:00,54250
16-02-2018 18:00,33626
16-02-2018 19:00,23237
16-02-2018 20:00,19289
16-02-2018 21:00,28364
16-02-2018 22:00,15836
16-02-2018 23:00,5391
17-02-2018 00:00,7113
17-02-2018 01:00,3077
17-02-2018 02:00,573
17-02-2018 03:00,1303
17-02-2018 04:00,0
17-02-2018 05:00,400
17-02-2018 06:00,0
17-02-2018 07:00,1021
17-02-2018 08:00,1593
17-02-2018 09:00,1946
17-02-2018 10:00,7113
17-02-2018 11:00,10538
17-02-2018 12:00,14070
17-02-2018 13:00,13562
17-02-2018 14:00,9730
17-02-2018 15:00,9757
17-02-2018 16:00,19335
17-02-2018 17:00,10720
17-02-2018 18:00,8504
17-02-2018 19:00,15036
17-02-2018 20:00,7443
17-02-2018 21:00,5036
17-02-2018 22:00,13786
17-02-2018 23:00,5550
18-02-2018 00:00,8869
18-02-2018 01:00,2529
18-02-2018 02:00,927
18-02-2018 03:00,3218
18-02-2018 04:00,198
18-02-2018 05:00,0
18-02-2018 06:00,77
18-02-2018 07:00,663
18-02-2018 08:00,716
18-02-2018 09:00,10201
18-02-2018 10:00,4164
18-02-2018 11:00,13721
18-02-2018 12:00,20095
18-02-2018 13:00,11577
18-02-2018 14:00,12634
18-02-2018 15:00,8827
18-02-2018 16:00,11693
18-02-2018 17:00,9345
18-02-2018 18:00,16445
18-02-2018 19:00,30470
18-02-2018 20:00,12788
18-02-2018 21:00,6817
18-02-2018 22:00,8596
18-02-2018 23:00,20513
19-02-2018 00:00,13143
19-02-2018 01:00,5168
19-02-2018 02:00,10628
19-02-2018 03:00,4378
19-02-2018 04:00,0
19-02-2018 05:00,0
19-02-2018 06:00,0
19-02-2018 07:00,714
19-02-2018 08:00,8413
19-02-2018 09:00,19733
19-02-2018 10:00,47362
19-02-2018 11:00,98590
19-02-2018 12:00,75889
19-02-2018 13:00,71655
19-02-2018 14:00,63469
19-02-2018 15:00,91121
19-02-2018 16:00,83080
19-02-2018 17:00,62839
19-02-2018 18:00,41141
19-02-2018 19:00,29200
19-02-2018 20:00,21209
19-02-2018 21:00,12686
19-02-2018 22:00,13612
19-02-2018 23:00,4813
20-02-2018 00:00,2646
20-02-2018 01:00,6217
20-02-2018 02:00,4843
20-02-2018 03:00,1057
20-02-2018 04:00,80
20-02-2018 05:00,0
20-02-2018 06:00,16624
20-02-2018 07:00,1767
20-02-2018 08:00,20929
20-02-2018 09:00,49899
20-02-2018 10:00,145235
20-02-2018 11:00,246276
20-02-2018 12:00,158553
20-02-2018 13:00,112782
20-02-2018 14:00,123158
20-02-2018 15:00,141928
20-02-2018 16:00,141411
20-02-2018 17:00,99976
20-02-2018 18:00,47564
20-02-2018 19:00,37921
20-02-2018 20:00,26657
20-02-2018 21:00,20825
20-02-2018 22:00,15776
20-02-2018 23:00,8557
21-02-2018 00:00,7435
21-02-2018 01:00,2047
21-02-2018 02:00,372
21-02-2018 03:00,1606
21-02-2018 04:00,216
21-02-2018 05:00,233
21-02-2018 06:00,389
21-02-2018 07:00,1436
21-02-2018 08:00,35777
21-02-2018 09:00,49468
21-02-2018 10:00,119031
21-02-2018 11:00,109957
21-02-2018 12:00,169014
21-02-2018 13:00,111119
21-02-2018 14:00,103486
21-02-2018 15:00,130792
21-02-2018 16:00,137543
21-02-2018 17:00,85643
21-02-2018 18:00,86289
21-02-2018 19:00,49527
21-02-2018 20:00,10960
21-02-2018 21:00,56163
21-02-2018 22:00,23194
21-02-2018 23:00,16191
22-02-2018 00:00,2032
22-02-2018 01:00,2516
22-02-2018 02:00,2504
22-02-2018 03:00,3274
22-02-2018 04:00,2153
22-02-2018 05:00,3034
22-02-2018 06:00,350
22-02-2018 07:00,2877
22-02-2018 08:00,15096
22-02-2018 09:00,103754
22-02-2018 10:00,97817
22-02-2018 11:00,151223
22-02-2018 12:00,187249
22-02-2018 13:00,132515
22-02-2018 14:00,102235
22-02-2018 15:00,173623
22-02-2018 16:00,158906
22-02-2018 17:00,114704
22-02-2018 18:00,75194
22-02-2018 19:00,47413
22-02-2018 20:00,18034
22-02-2018 21:00,13586
22-02-2018 22:00,14951
22-02-2018 23:00,13521
23-02-2018 00:00,7768
23-02-2018 01:00,5489
23-02-2018 02:00,791
23-02-2018 03:00,1455
23-02-2018 04:00,278
23-02-2018 05:00,1791
23-02-2018 06:00,2985
23-02-2018 07:00,2466
23-02-2018 08:00,40130
23-02-2018 09:00,14353
23-02-2018 10:00,143811
23-02-2018 11:00,154401
23-02-2018 12:00,169195
23-02-2018 13:00,97322
23-02-2018 14:00,119231
23-02-2018 15:00,84402
23-02-2018 16:00,81921
23-02-2018 17:00,95500
23-02-2018 18:00,36065
23-02-2018 19:00,23143
23-02-2018 20:00,23390
23-02-2018 21:00,20598
23-02-2018 22:00,22206
23-02-2018 23:00,8121
24-02-2018 00:00,7558
24-02-2018 01:00,2515
24-02-2018 02:00,681
24-02-2018 03:00,2518
24-02-2018 04:00,158
24-02-2018 05:00,860
24-02-2018 06:00,1839
24-02-2018 07:00,776
24-02-2018 08:00,666
24-02-2018 09:00,1440
24-02-2018 10:00,13230
24-02-2018 11:00,34368
24-02-2018 12:00,19713
24-02-2018 13:00,10111
24-02-2018 14:00,16618
24-02-2018 15:00,16047
24-02-2018 16:00,9545
24-02-2018 17:00,11084
24-02-2018 18:00,12645
24-02-2018 19:00,10623
24-02-2018 20:00,17691
24-02-2018 21:00,3699
24-02-2018 22:00,7073
24-02-2018 23:00,12120
25-02-2018 00:00,6168
25-02-2018 01:00,1900
25-02-2018 02:00,2022
25-02-2018 03:00,2476
25-02-2018 04:00,1262
25-02-2018 05:00,247
25-02-2018 06:00,197
25-02-2018 07:00,1059
25-02-2018 08:00,880
25-02-2018 09:00,3837
25-02-2018 10:00,24732
25-02-2018 11:00,13464
25-02-2018 12:00,10041
25-02-2018 13:00,20598
25-02-2018 14:00,4836
25-02-2018 15:00,17511
25-02-2018 16:00,13855
25-02-2018 17:00,9412
25-02-2018 18:00,19581
25-02-2018 19:00,18649
25-02-2018 20:00,14097
25-02-2018 21:00,31279
25-02-2018 22:00,14179
25-02-2018 23:00,10929
26-02-2018 00:00,3225
26-02-2018 01:00,1532
26-02-2018 02:00,7078
26-02-2018 03:00,4066
26-02-2018 04:00,0
26-02-2018 05:00,166
26-02-2018 06:00,1342
26-02-2018 07:00,917
26-02-2018 08:00,10903
26-02-2018 09:00,62047
26-02-2018 10:00,74804
26-02-2018 11:00,130856
26-02-2018 12:00,152390
26-02-2018 13:00,110417
26-02-2018 14:00,123906
26-02-2018 15:00,127805
26-02-2018 16:00,108296
26-02-2018 17:00,118519
26-02-2018 18:00,55705
26-02-2018 19:00,17550
26-02-2018 20:00,39444
26-02-2018 21:00,34827
26-02-2018 22:00,12709
26-02-2018 23:00,14615
27-02-2018 00:00,20335
27-02-2018 01:00,4014
27-02-2018 02:00,3092
27-02-2018 03:00,5360
27-02-2018 04:00,1055
27-02-2018 05:00,305
27-02-2018 06:00,569
27-02-2018 07:00,2944
27-02-2018 08:00,13156
27-02-2018 09:00,51415
27-02-2018 10:00,124727
27-02-2018 11:00,148687
27-02-2018 12:00,221557
27-02-2018 13:00,140437
27-02-2018 14:00,117730
27-02-2018 15:00,127437
27-02-2018 16:00,157701
27-02-2018 17:00,86505
27-02-2018 18:00,49521
27-02-2018 19:00,17362
27-02-2018 20:00,12858
27-02-2018 21:00,26791
27-02-2018 22:00,20833
27-02-2018 23:00,4609
28-02-2018 00:00,16196
28-02-2018 01:00,5255
28-02-2018 02:00,331
28-02-2018 03:00,1307
28-02-2018 04:00,1527
28-02-2018 05:00,83
28-02-2018 06:00,23
28-02-2018 07:00,3308
28-02-2018 08:00,27057
28-02-2018 09:00,61586
28-02-2018 10:00,158356
28-02-2018 11:00,130308
28-02-2018 12:00,140501
28-02-2018 13:00,161897
28-02-2018 14:00,112036
28-02-2018 15:00,150213
28-02-2018 16:00,153015
28-02-2018 17:00,92849
28-02-2018 18:00,53928
28-02-2018 19:00,37647
28-02-2018 20:00,50731
28-02-2018 21:00,42129
28-02-2018 22:00,13439
28-02-2018 23:00,5250
01-03-2018 00:00,6229
01-03-2018 01:00,11094
01-03-2018 02:00,928
01-03-2018 03:00,137
01-03-2018 04:00,72
01-03-2018 05:00,224
01-03-2018 06:00,267
01-03-2018 07:00,2355
01-03-2018 08:00,5904
01-03-2018 09:00,50710
01-03-2018 10:00,110828
01-03-2018 11:00,212009
01-03-2018 12:00,182201
01-03-2018 13:00,134300
01-03-2018 14:00,96837
01-03-2018 15:00,117694
01-03-2018 16:00,148107
01-03-2018 17:00,127952
01-03-2018 18:00,57827
01-03-2018 19:00,38104
01-03-2018 20:00,27770
01-03-2018 21:00,20950
01-03-2018 22:00,16250
01-03-2018 23:00,9606
02-03-2018 00:00,6529
02-03-2018 01:00,5147
02-03-2018 02:00,1590
02-03-2018 03:00,161
02-03-2018 04:00,182
02-03-2018 05:00,55
02-03-2018 06:00,78
02-03-2018 07:00,1470
02-03-2018 08:00,5350
02-03-2018 09:00,32580
02-03-2018 10:00,121204
02-03-2018 11:00,196810
02-03-2018 12:00,153302
02-03-2018 13:00,104612
02-03-2018 14:00,130008
02-03-2018 15:00,128892
02-03-2018 16:00,81348
02-03-2018 17:00,70585
02-03-2018 18:00,68281
02-03-2018 19:00,27626
02-03-2018 20:00,21668
02-03-2018 21:00,28133
02-03-2018 22:00,13392
02-03-2018 23:00,20129
03-03-2018 00:00,7871
03-03-2018 01:00,8747
03-03-2018 02:00,2147
03-03-2018 03:00,1463
03-03-2018 04:00,224
03-03-2018 05:00,689
03-03-2018 06:00,684
03-03-2018 07:00,841
03-03-2018 08:00,1773
03-03-2018 09:00,7402
03-03-2018 10:00,9759
03-03-2018 11:00,38611
03-03-2018 12:00,9669
03-03-2018 13:00,10484
03-03-2018 14:00,9037
03-03-2018 15:00,8883
03-03-2018 16:00,9898
03-03-2018 17:00,11856
03-03-2018 18:00,18456
03-03-2018 19:00,8531
03-03-2018 20:00,13047
03-03-2018 21:00,10102
03-03-2018 22:00,16247
03-03-2018 23:00,7501
04-03-2018 00:00,7834
04-03-2018 01:00,4013
04-03-2018 02:00,3603
04-03-2018 03:00,3177
04-03-2018 04:00,1572
04-03-2018 05:00,326
04-03-2018 06:00,504
04-03-2018 07:00,1508
04-03-2018 08:00,3322
04-03-2018 09:00,6864
04-03-2018 10:00,6653
04-03-2018 11:00,10824
04-03-2018 12:00,17981
04-03-2018 13:00,9862
04-03-2018 14:00,14266
04-03-2018 15:00,13419
04-03-2018 16:00,11547
04-03-2018 17:00,16341
04-03-2018 18:00,13529
04-03-2018 19:00,13565
04-03-2018 20:00,18255
04-03-2018 21:00,23522
04-03-2018 22:00,17672
04-03-2018 23:00,23562
05-03-2018 00:00,7132
05-03-2018 01:00,7108
05-03-2018 02:00,5001
05-03-2018 03:00,1252
05-03-2018 04:00,3151
05-03-2018 05:00,683
05-03-2018 06:00,327
05-03-2018 07:00,3078
05-03-2018 08:00,9401
05-03-2018 09:00,44694
05-03-2018 10:00,50030
05-03-2018 11:00,148258
05-03-2018 12:00,121402
05-03-2018 13:00,88177
05-03-2018 14:00,112877
05-03-2018 15:00,142083
05-03-2018 16:00,130929
05-03-2018 17:00,88262
05-03-2018 18:00,94345
05-03-2018 19:00,55079
05-03-2018 20:00,61277
05-03-2018 21:00,23448
05-03-2018 22:00,21422
05-03-2018 23:00,27140
06-03-2018 00:00,14819
06-03-2018 01:00,1105
06-03-2018 02:00,2017
06-03-2018 03:00,1077
06-03-2018 04:00,3492
06-03-2018 05:00,1086
06-03-2018 06:00,1041
06-03-2018 07:00,4997
06-03-2018 08:00,20166
06-03-2018 09:00,48359
06-03-2018 10:00,47398
06-03-2018 11:00,24749
06-03-2018 12:00,108593
06-03-2018 13:00,97905
06-03-2018 14:00,93450
06-03-2018 15:00,126966
06-03-2018 16:00,137469
06-03-2018 17:00,125250
06-03-2018 18:00,109511
06-03-2018 19:00,54113
06-03-2018 20:00,35212
06-03-2018 21:00,35561
06-03-2018 22:00,9975
06-03-2018 23:00,26557
07-03-2018 00:00,8850
07-03-2018 01:00,3982
07-03-2018 02:00,434
07-03-2018 03:00,924
07-03-2018 04:00,96
07-03-2018 05:00,223
07-03-2018 06:00,272
07-03-2018 07:00,2548
07-03-2018 08:00,4161
07-03-2018 09:00,44639
07-03-2018 10:00,127471
07-03-2018 11:00,134667
07-03-2018 12:00,176889
07-03-2018 13:00,89661
07-03-2018 14:00,129238
07-03-2018 15:00,120342
07-03-2018 16:00,140850
07-03-2018 17:00,107782
07-03-2018 18:00,79864
07-03-2018 19:00,51435
07-03-2018 20:00,24775
07-03-2018 21:00,32342
07-03-2018 22:00,29288
07-03-2018 23:00,4100
08-03-2018 00:00,19735
08-03-2018 01:00,4188
08-03-2018 02:00,440
08-03-2018 03:00,1952
08-03-2018 04:00,243
08-03-2018 05:00,399
08-03-2018 06:00,1401
08-03-2018 07:00,5338
08-03-2018 08:00,20154
08-03-2018 09:00,50188
08-03-2018 10:00,103330
08-03-2018 11:00,209193
08-03-2018 12:00,139642
08-03-2018 13:00,136498
08-03-2018 14:00,76896
08-03-2018 15:00,118642
08-03-2018 16:00,155716
08-03-2018 17:00,112727
08-03-2018 18:00,48377
08-03-2018 19:00,47669
08-03-2018 20:00,42812
08-03-2018 21:00,21320
08-03-2018 22:00,20854
08-03-2018 23:00,30509
09-03-2018 00:00,22496
09-03-2018 01:00,18498
09-03-2018 02:00,1086
09-03-2018 03:00,405
09-03-2018 04:00,839
09-03-2018 05:00,162
09-03-2018 06:00,283
09-03-2018 07:00,1111
09-03-2018 08:00,16790
09-03-2018 09:00,69259
09-03-2018 10:00,113790
09-03-2018 11:00,167626
09-03-2018 12:00,149865
09-03-2018 13:00,134407
09-03-2018 14:00,125085
09-03-2018 15:00,130257
09-03-2018 16:00,119984
09-03-2018 17:00,61931
09-03-2018 18:00,63387
09-03-2018 19:00,30568
09-03-2018 20:00,22579
09-03-2018 21:00,34366
09-03-2018 22:00,21796
09-03-2018 23:00,8194
10-03-2018 00:00,9899
10-03-2018 01:00,23298
10-03-2018 02:00,2518
10-03-2018 03:00,1901
10-03-2018 04:00,222
10-03-2018 05:00,3539
10-03-2018 06:00,156
10-03-2018 07:00,962
10-03-2018 08:00,2169
10-03-2018 09:00,2823
10-03-2018 10:00,5347
10-03-2018 11:00,15406
10-03-2018 12:00,10993
10-03-2018 13:00,13908
10-03-2018 14:00,15843
10-03-2018 15:00,4960
10-03-2018 16:00,6877
10-03-2018 17:00,12030
10-03-2018 18:00,18643
10-03-2018 19:00,12956
10-03-2018 20:00,13737
10-03-2018 21:00,17160
10-03-2018 22:00,13412
10-03-2018 23:00,9854
11-03-2018 00:00,13210
11-03-2018 01:00,2432
11-03-2018 02:00,1068
11-03-2018 03:00,2441
11-03-2018 04:00,14
11-03-2018 05:00,234
11-03-2018 06:00,0
11-03-2018 07:00,1383
11-03-2018 08:00,3285
11-03-2018 09:00,4756
11-03-2018 10:00,27677
11-03-2018 11:00,10829
11-03-2018 12:00,16211
11-03-2018 13:00,9433
11-03-2018 14:00,6496
11-03-2018 15:00,9533
11-03-2018 16:00,14247
11-03-2018 17:00,9106
11-03-2018 18:00,13206
11-03-2018 19:00,19276
11-03-2018 20:00,17245
11-03-2018 21:00,23978
11-03-2018 22:00,17792
11-03-2018 23:00,5771
12-03-2018 00:00,4941
12-03-2018 01:00,7981
12-03-2018 02:00,907
12-03-2018 03:00,1078
12-03-2018 04:00,352
12-03-2018 05:00,1205
12-03-2018 06:00,857
12-03-2018 07:00,7509
12-03-2018 08:00,58992
12-03-2018 09:00,56121
12-03-2018 10:00,110179
12-03-2018 11:00,121617
12-03-2018 12:00,129974
12-03-2018 13:00,122518
12-03-2018 14:00,101222
12-03-2018 15:00,146139
12-03-2018 16:00,141131
12-03-2018 17:00,111231
12-03-2018 18:00,47223
12-03-2018 19:00,36378
12-03-2018 20:00,29837
12-03-2018 21:00,20937
12-03-2018 22:00,19020
12-03-2018 23:00,26236
13-03-2018 00:00,7286
13-03-2018 01:00,2309
13-03-2018 02:00,2837
13-03-2018 03:00,0
13-03-2018 04:00,371
13-03-2018 05:00,1158
13-03-2018 06:00,1690
13-03-2018 07:00,12270
13-03-2018 08:00,25799
13-03-2018 09:00,58871
13-03-2018 10:00,205135
13-03-2018 11:00,183033
13-03-2018 12:00,187696
13-03-2018 13:00,92383
13-03-2018 14:00,132688
13-03-2018 15:00,147568
13-03-2018 16:00,138517
13-03-2018 17:00,130098
13-03-2018 18:00,69330
13-03-2018 19:00,27315
13-03-2018 20:00,32351
13-03-2018 21:00,23965
13-03-2018 22:00,18311
13-03-2018 23:00,21711
14-03-2018 00:00,12032
14-03-2018 01:00,640
14-03-2018 02:00,8317
14-03-2018 03:00,1170
14-03-2018 04:00,132
14-03-2018 05:00,1026
14-03-2018 06:00,1584
14-03-2018 07:00,6329
14-03-2018 08:00,18607
14-03-2018 09:00,84421
14-03-2018 10:00,159912
14-03-2018 11:00,191554
14-03-2018 12:00,136392
14-03-2018 13:00,104577
14-03-2018 14:00,112966
14-03-2018 15:00,161657
14-03-2018 16:00,152419
14-03-2018 17:00,113184
14-03-2018 18:00,72350
14-03-2018 19:00,32789
14-03-2018 20:00,19105
14-03-2018 21:00,26142
14-03-2018 22:00,20451
14-03-2018 23:00,26154
15-03-2018 00:00,10076
15-03-2018 01:00,2654
15-03-2018 02:00,7309
15-03-2018 03:00,0
15-03-2018 04:00,6
15-03-2018 05:00,380
15-03-2018 06:00,7533
15-03-2018 07:00,23159
15-03-2018 08:00,21324
15-03-2018 09:00,95591
15-03-2018 10:00,112444
15-03-2018 11:00,186098
15-03-2018 12:00,132190
15-03-2018 13:00,126118
15-03-2018 14:00,135900
15-03-2018 15:00,143884
15-03-2018 16:00,181802
15-03-2018 17:00,102504
15-03-2018 18:00,48275
15-03-2018 19:00,48809
15-03-2018 20:00,34042
15-03-2018 21:00,29849
15-03-2018 22:00,20115
15-03-2018 23:00,28348
16-03-2018 00:00,11258
16-03-2018 01:00,2694
16-03-2018 02:00,260
16-03-2018 03:00,1765
16-03-2018 04:00,1496
16-03-2018 05:00,24
16-03-2018 06:00,1273
16-03-2018 07:00,13977
16-03-2018 08:00,23106
16-03-2018 09:00,77218
16-03-2018 10:00,132029
16-03-2018 11:00,163282
16-03-2018 12:00,147727
16-03-2018 13:00,98238
16-03-2018 14:00,103073
16-03-2018 15:00,123343
16-03-2018 16:00,94960
16-03-2018 17:00,69840
16-03-2018 18:00,46715
16-03-2018 19:00,29236
16-03-2018 20:00,15988
16-03-2018 21:00,20917
16-03-2018 22:00,12250
16-03-2018 23:00,10445
17-03-2018 00:00,12946
17-03-2018 01:00,333
17-03-2018 02:00,3527
17-03-2018 03:00,1560
17-03-2018 04:00,0
17-03-2018 05:00,0
17-03-2018 06:00,0
17-03-2018 07:00,4302
17-03-2018 08:00,11028
17-03-2018 09:00,8189
17-03-2018 10:00,8037
17-03-2018 11:00,11006
17-03-2018 12:00,18857
17-03-2018 13:00,35601
17-03-2018 14:00,15697
17-03-2018 15:00,4775
17-03-2018 16:00,4670
17-03-2018 17:00,13497
17-03-2018 18:00,18207
17-03-2018 19:00,13729
17-03-2018 20:00,15338
17-03-2018 21:00,12622
17-03-2018 22:00,4499
17-03-2018 23:00,7001
18-03-2018 00:00,517
18-03-2018 01:00,48
18-03-2018 02:00,549
18-03-2018 03:00,952
18-03-2018 04:00,1286
18-03-2018 05:00,850
18-03-2018 06:00,1222
18-03-2018 07:00,766
18-03-2018 08:00,2491
18-03-2018 09:00,6770
18-03-2018 10:00,11083
18-03-2018 11:00,14781
18-03-2018 12:00,17653
18-03-2018 13:00,5782
18-03-2018 14:00,31550
18-03-2018 15:00,17950
18-03-2018 16:00,9213
18-03-2018 17:00,10658
18-03-2018 18:00,8753
18-03-2018 19:00,18689
18-03-2018 20:00,20348
18-03-2018 21:00,29118
18-03-2018 22:00,7091
18-03-2018 23:00,2164
19-03-2018 00:00,2298
19-03-2018 01:00,4480
19-03-2018 02:00,963
19-03-2018 03:00,1125
19-03-2018 04:00,0
19-03-2018 05:00,304
19-03-2018 06:00,251
19-03-2018 07:00,5586
19-03-2018 08:00,23045
19-03-2018 09:00,65009
19-03-2018 10:00,110350
19-03-2018 11:00,135566
19-03-2018 12:00,116267
19-03-2018 13:00,83985
19-03-2018 14:00,97242
19-03-2018 15:00,116835
19-03-2018 16:00,120117
19-03-2018 17:00,140581
19-03-2018 18:00,72060
19-03-2018 19:00,55520
19-03-2018 20:00,24120
19-03-2018 21:00,38450
19-03-2018 22:00,26306
19-03-2018 23:00,42150
20-03-2018 00:00,14944
20-03-2018 01:00,5330
20-03-2018 02:00,2514
20-03-2018 03:00,1507
20-03-2018 04:00,91
20-03-2018 05:00,216
20-03-2018 06:00,113
20-03-2018 07:00,2753
20-03-2018 08:00,20154
20-03-2018 09:00,92632
20-03-2018 10:00,199069
20-03-2018 11:00,149164
20-03-2018 12:00,162365
20-03-2018 13:00,125684
20-03-2018 14:00,127953
20-03-2018 15:00,134021
20-03-2018 16:00,197304
20-03-2018 17:00,76504
20-03-2018 18:00,89320
20-03-2018 19:00,41506
20-03-2018 20:00,25930
20-03-2018 21:00,21716
20-03-2018 22:00,13840
20-03-2018 23:00,7872
21-03-2018 00:00,3345
21-03-2018 01:00,1345
21-03-2018 02:00,365
21-03-2018 03:00,3863
21-03-2018 04:00,739
21-03-2018 05:00,3211
21-03-2018 06:00,127
21-03-2018 07:00,3617
21-03-2018 08:00,39361
21-03-2018 09:00,89341
21-03-2018 10:00,128624
21-03-2018 11:00,166099
21-03-2018 12:00,133813
21-03-2018 13:00,93753
21-03-2018 14:00,118584
21-03-2018 15:00,128953
21-03-2018 16:00,151419
21-03-2018 17:00,129447
21-03-2018 18:00,50936
21-03-2018 19:00,39020
21-03-2018 20:00,23387
21-03-2018 21:00,24986
21-03-2018 22:00,9928
21-03-2018 23:00,10285
22-03-2018 00:00,4525
22-03-2018 01:00,1036
22-03-2018 02:00,2742
22-03-2018 03:00,1350
22-03-2018 04:00,450
22-03-2018 05:00,1138
22-03-2018 06:00,15023
22-03-2018 07:00,10297
22-03-2018 08:00,31012
22-03-2018 09:00,99791
22-03-2018 10:00,199286
22-03-2018 11:00,183200
22-03-2018 12:00,169659
22-03-2018 13:00,131480
22-03-2018 14:00,135036
22-03-2018 15:00,151056
22-03-2018 16:00,136881
22-03-2018 17:00,104195
22-03-2018 18:00,54561
22-03-2018 19:00,31063
22-03-2018 20:00,16996
22-03-2018 21:00,24405
22-03-2018 22:00,15996
22-03-2018 23:00,6771
23-03-2018 00:00,3509
23-03-2018 01:00,132
23-03-2018 02:00,2915
23-03-2018 03:00,892
23-03-2018 04:00,634
23-03-2018 05:00,0
23-03-2018 06:00,8135
23-03-2018 07:00,13333
23-03-2018 08:00,32503
23-03-2018 09:00,70353
23-03-2018 10:00,167617
23-03-2018 11:00,133834
23-03-2018 12:00,160375
23-03-2018 13:00,110799
23-03-2018 14:00,114075
23-03-2018 15:00,133664
23-03-2018 16:00,89933
23-03-2018 17:00,76797
23-03-2018 18:00,42136
23-03-2018 19:00,23317
23-03-2018 20:00,23395
23-03-2018 21:00,26197
23-03-2018 22:00,13245
23-03-2018 23:00,16792
24-03-2018 00:00,7016
24-03-2018 01:00,475
24-03-2018 02:00,1724
24-03-2018 03:00,1115
24-03-2018 04:00,1027
24-03-2018 05:00,6
24-03-2018 06:00,14
24-03-2018 07:00,1339
24-03-2018 08:00,4239
24-03-2018 09:00,7013
24-03-2018 10:00,7255
24-03-2018 11:00,18069
24-03-2018 12:00,5154
24-03-2018 13:00,8092
24-03-2018 14:00,6215
24-03-2018 15:00,4716
24-03-2018 16:00,11223
24-03-2018 17:00,11568
24-03-2018 18:00,13570
24-03-2018 19:00,7413
24-03-2018 20:00,21759
24-03-2018 21:00,10116
24-03-2018 22:00,9909
24-03-2018 23:00,17132
25-03-2018 00:00,3300
25-03-2018 01:00,4063
25-03-2018 02:00,2730
25-03-2018 03:00,825
25-03-2018 04:00,817
25-03-2018 05:00,323
25-03-2018 06:00,0
25-03-2018 07:00,548
25-03-2018 08:00,1793
25-03-2018 09:00,1988
25-03-2018 10:00,4273
25-03-2018 11:00,20910
25-03-2018 12:00,4648
25-03-2018 13:00,12005
25-03-2018 14:00,4639
25-03-2018 15:00,6806
25-03-2018 16:00,34359
25-03-2018 17:00,17863
25-03-2018 18:00,10453
25-03-2018 19:00,17857
25-03-2018 20:00,13408
25-03-2018 21:00,12665
25-03-2018 22:00,11680
25-03-2018 23:00,4864
26-03-2018 00:00,2080
26-03-2018 01:00,5272
26-03-2018 02:00,403
26-03-2018 03:00,1118
26-03-2018 04:00,117
26-03-2018 05:00,1549
26-03-2018 06:00,57
26-03-2018 07:00,9729
26-03-2018 08:00,19479
26-03-2018 09:00,87997
26-03-2018 10:00,118951
26-03-2018 11:00,182220
26-03-2018 12:00,124644
26-03-2018 13:00,114211
26-03-2018 14:00,81114
26-03-2018 15:00,166559
26-03-2018 16:00,125519
26-03-2018 17:00,109761
26-03-2018 18:00,61619
26-03-2018 19:00,34481
26-03-2018 20:00,32092
26-03-2018 21:00,24142
26-03-2018 22:00,24794
26-03-2018 23:00,35107
27-03-2018 00:00,11398
27-03-2018 01:00,1315
27-03-2018 02:00,10032
27-03-2018 03:00,5567
27-03-2018 04:00,508
27-03-2018 05:00,20586
27-03-2018 06:00,101
27-03-2018 07:00,16361
27-03-2018 08:00,69991
27-03-2018 09:00,143535
27-03-2018 10:00,197160
27-03-2018 11:00,180145
27-03-2018 12:00,207639
27-03-2018 13:00,139351
27-03-2018 14:00,103548
27-03-2018 15:00,144936
27-03-2018 16:00,172776
27-03-2018 17:00,158916
27-03-2018 18:00,52394
27-03-2018 19:00,28070
27-03-2018 20:00,24451
27-03-2018 21:00,22673
27-03-2018 22:00,16693
27-03-2018 23:00,41512
28-03-2018 00:00,2080
28-03-2018 01:00,0
28-03-2018 02:00,2243
28-03-2018 03:00,3609
28-03-2018 04:00,2977
28-03-2018 05:00,1502
28-03-2018 06:00,153
28-03-2018 07:00,4829
28-03-2018 08:00,54215
28-03-2018 09:00,69916
28-03-2018 10:00,153932
28-03-2018 11:00,167759
28-03-2018 12:00,186431
28-03-2018 13:00,116106
28-03-2018 14:00,109501
28-03-2018 15:00,174944
28-03-2018 16:00,125215
28-03-2018 17:00,132568
28-03-2018 18:00,76143
28-03-2018 19:00,40442
28-03-2018 20:00,25121
28-03-2018 21:00,30285
28-03-2018 22:00,15666
28-03-2018 23:00,5183
29-03-2018 00:00,7326
29-03-2018 01:00,311
29-03-2018 02:00,326
29-03-2018 03:00,8682
29-03-2018 04:00,51
29-03-2018 05:00,0
29-03-2018 06:00,5017
29-03-2018 07:00,4523
29-03-2018 08:00,19762
29-03-2018 09:00,63652
29-03-2018 10:00,133008
29-03-2018 11:00,128310
29-03-2018 12:00,118830
29-03-2018 13:00,137818
29-03-2018 14:00,121890
29-03-2018 15:00,95557
29-03-2018 16:00,86324
29-03-2018 17:00,67003
29-03-2018 18:00,36519
29-03-2018 19:00,29062
29-03-2018 20:00,13461
29-03-2018 21:00,10137
29-03-2018 22:00,16523
29-03-2018 23:00,9669
30-03-2018 00:00,6044
30-03-2018 01:00,366
30-03-2018 02:00,986
30-03-2018 03:00,654
30-03-2018 04:00,0
30-03-2018 05:00,0
30-03-2018 06:00,12
30-03-2018 07:00,601
30-03-2018 08:00,995
30-03-2018 09:00,8999
30-03-2018 10:00,9522
30-03-2018 11:00,12725
30-03-2018 12:00,23656
30-03-2018 13:00,34052
30-03-2018 14:00,35090
30-03-2018 15:00,29170
30-03-2018 16:00,22992
30-03-2018 17:00,62899
30-03-2018 18:00,29599
30-03-2018 19:00,13412
30-03-2018 20:00,29092
30-03-2018 21:00,13977
30-03-2018 22:00,24096
30-03-2018 23:00,30051
31-03-2018 00:00,5310
31-03-2018 01:00,92
31-03-2018 02:00,1365
31-03-2018 03:00,837
31-03-2018 04:00,564
31-03-2018 05:00,0
31-03-2018 06:00,550
31-03-2018 07:00,472
31-03-2018 08:00,2727
31-03-2018 09:00,1659
31-03-2018 10:00,3226
31-03-2018 11:00,10193
31-03-2018 12:00,14389
31-03-2018 13:00,10106
31-03-2018 14:00,4734
31-03-2018 15:00,4502
31-03-2018 16:00,19510
31-03-2018 17:00,6063
31-03-2018 18:00,4858
31-03-2018 19:00,14794
31-03-2018 20:00,13602
31-03-2018 21:00,26140
31-03-2018 22:00,20662
31-03-2018 23:00,8819
01-04-2018 00:00,8824
01-04-2018 01:00,3539
01-04-2018 02:00,1350
01-04-2018 03:00,870
01-04-2018 04:00,0
01-04-2018 05:00,135
01-04-2018 06:00,0
01-04-2018 07:00,254
01-04-2018 08:00,457
01-04-2018 09:00,1178
01-04-2018 10:00,6997
01-04-2018 11:00,8847
01-04-2018 12:00,9628
01-04-2018 13:00,20783
01-04-2018 14:00,6605
01-04-2018 15:00,9061
01-04-2018 16:00,15948
01-04-2018 17:00,11986
01-04-2018 18:00,12555
01-04-2018 19:00,18389
01-04-2018 20:00,18442
01-04-2018 21:00,25313
01-04-2018 22:00,3834
01-04-2018 23:00,4004
02-04-2018 00:00,4754
02-04-2018 01:00,2584
02-04-2018 02:00,420
02-04-2018 03:00,1651
02-04-2018 04:00,278
02-04-2018 05:00,1158
02-04-2018 06:00,4024
02-04-2018 07:00,971
02-04-2018 08:00,14324
02-04-2018 09:00,54532
02-04-2018 10:00,106378
02-04-2018 11:00,79923
02-04-2018 12:00,136443
02-04-2018 13:00,80079
02-04-2018 14:00,86590
02-04-2018 15:00,102217
02-04-2018 16:00,121007
02-04-2018 17:00,67696
02-04-2018 18:00,31388
02-04-2018 19:00,7358
02-04-2018 20:00,16134
02-04-2018 21:00,26680
02-04-2018 22:00,13954
02-04-2018 23:00,19157
03-04-2018 00:00,33706
03-04-2018 01:00,10334
03-04-2018 02:00,7233
03-04-2018 03:00,5055
03-04-2018 04:00,0
03-04-2018 05:00,15710
03-04-2018 06:00,4992
03-04-2018 07:00,13583
03-04-2018 08:00,17670
03-04-2018 09:00,27954
03-04-2018 10:00,61807
03-04-2018 11:00,120042
03-04-2018 12:00,196162
03-04-2018 13:00,108097
03-04-2018 14:00,110827
03-04-2018 15:00,165446
03-04-2018 16:00,164549
03-04-2018 17:00,189643
03-04-2018 18:00,105758
03-04-2018 19:00,55087
03-04-2018 20:00,23326
03-04-2018 21:00,24020
03-04-2018 22:00,15805
03-04-2018 23:00,477
